,0__sum_values,0__median,0__mean,0__length,0__standard_deviation,0__variance,0__maximum,0__minimum,Experiment Number,Unnamed: 1,Energy Management,Interval,Environment,Test Duration
0,117.714,6.915,6.924352941,17,3.365695277,11.3279047,13.843,3.43,57,Extra Capacitor,CySysLvdDisable,4 second,Office - Min light,10 mins
1,31.148,6.9375,7.787,4,4.50646885,20.3082615,13.855,3.418,57,Extra Capacitor,CySysLvdDisable,4 second,Office - Min light,10 mins
2,106.584,1.372,5.609684211,19,6.863395163,47.10619316,19.368,0.633,43,Extra Capacitor,CY_LVD_THRESHOLD_2_50_V,1 second,Office - light ON,10 mins
3,121.839,1.363,5.801857143,21,6.656378883,44.30737984,16.667,0.62,43,Extra Capacitor,CY_LVD_THRESHOLD_2_50_V,1 second,Office - light ON,10 mins
4,119.685,1.021,5.98425,20,7.046523149,49.65348849,17.306,0.643,43,Extra Capacitor,CY_LVD_THRESHOLD_2_50_V,1 second,Office - light ON,10 mins
5,121.04,1.373,5.763809524,21,6.690075219,44.75710644,17.958,0.662,43,Extra Capacitor,CY_LVD_THRESHOLD_2_50_V,1 second,Office - light ON,10 mins
6,121.664,1.334,4.86656,25,6.183340962,38.23370545,15.903,0.679,43,Extra Capacitor,CY_LVD_THRESHOLD_2_50_V,1 second,Office - light ON,10 mins
7,85.72,1.3225,5.3575,16,6.396212532,40.91153475,15.273,0.657,43,Extra Capacitor,CY_LVD_THRESHOLD_2_50_V,1 second,Office - light ON,10 mins
8,113.594,6.8775,28.3985,4,37.29423712,1390.860122,92.994,6.845,42,Extra Capacitor,CY_LVD_THRESHOLD_2_00_V,7 second,Office - Min Light,10 mins
9,122.334,13.784,40.778,3,43.15149616,1862.051621,101.673,6.877,42,Extra Capacitor,CY_LVD_THRESHOLD_2_00_V,7 second,Office - Min Light,10 mins
10,123.625,13.803,41.20833333,3,43.67855756,1907.81639,102.853,6.969,42,Extra Capacitor,CY_LVD_THRESHOLD_2_00_V,7 second,Office - Min Light,10 mins
11,120.141,6.93,30.03525,4,40.07144984,1605.721092,99.441,6.84,42,Extra Capacitor,CY_LVD_THRESHOLD_2_00_V,7 second,Office - Min Light,10 mins
12,114.103,57.0515,57.0515,2,50.0915,2509.158372,107.143,6.96,42,Extra Capacitor,CY_LVD_THRESHOLD_2_00_V,7 second,Office - Min Light,10 mins
13,119.327,3.517,10.84790909,11,12.65868144,160.2422157,42.139,3.493,56,Extra Capacitor,CySysLvdDisable,4 seconds,Office - light OFF,10 mins
14,84.601,3.514,7.691,11,9.06891099,82.24514655,35.498,3.496,56,Extra Capacitor,CySysLvdDisable,4 seconds,Office - light OFF,10 mins
15,134.451,6.986,12.22281818,11,13.87990182,192.6516745,42.772,3.504,56,Extra Capacitor,CySysLvdDisable,4 seconds,Office - light OFF,10 mins
16,134.41,5.2605,9.600714286,14,10.92165461,119.2825393,39.158,3.488,56,Extra Capacitor,CySysLvdDisable,4 seconds,Office - light OFF,10 mins
17,106.21,8.757,17.70166667,6,15.78865718,249.2816956,46.105,3.512,56,Extra Capacitor,CySysLvdDisable,4 seconds,Office - light OFF,10 mins
18,103.106,13.7495,12.88825,8,5.366612636,28.80053119,20.63,6.852,40,Extra Capacitor,CY_LVD_THRESHOLD_2_00_V,7 seconds,Office - light ON,10 mins
19,130.646,6.893,11.87690909,11,6.619229335,43.81419699,20.663,6.843,40,Extra Capacitor,CY_LVD_THRESHOLD_2_00_V,7 seconds,Office - light ON,10 mins
20,123.867,6.894,9.528230769,13,4.316339014,18.63078249,20.715,6.815,40,Extra Capacitor,CY_LVD_THRESHOLD_2_00_V,7 seconds,Office - light ON,10 mins
21,117.008,6.893,13.00088889,9,7.585232575,57.53575321,27.552,6.858,40,Extra Capacitor,CY_LVD_THRESHOLD_2_00_V,7 seconds,Office - light ON,10 mins
22,123.952,13.769,13.77244444,9,5.605863242,31.42570269,27.502,6.891,40,Extra Capacitor,CY_LVD_THRESHOLD_2_00_V,7 seconds,Office - light ON,10 mins
23,110.158,6.98,12.23977778,9,6.297043094,39.65275173,20.666,6.8,40,Extra Capacitor,CY_LVD_THRESHOLD_2_00_V,7 seconds,Office - light ON,10 mins
24,130.889,13.76,13.0889,10,5.750190961,33.06469609,20.757,6.806,40,Extra Capacitor,CY_LVD_THRESHOLD_2_00_V,7 seconds,Office - light ON,10 mins
25,117.129,6.901,10.64809091,11,6.816843677,46.46935772,27.616,6.857,40,Extra Capacitor,CY_LVD_THRESHOLD_2_00_V,7 seconds,Office - light ON,10 mins
26,89.566,13.775,12.79514286,7,5.733409144,32.87198041,20.678,6.88,40,Extra Capacitor,CY_LVD_THRESHOLD_2_00_V,7 seconds,Office - light ON,10 mins
27,151.623,13.731,16.847,9,11.79869634,139.2092353,41.496,6.862,40,Extra Capacitor,CY_LVD_THRESHOLD_2_00_V,7 seconds,Office - light ON,10 mins
28,117.124,6.914,9.009538462,13,3.193336057,10.19739517,13.848,6.821,40,Extra Capacitor,CY_LVD_THRESHOLD_2_00_V,7 seconds,Office - light ON,10 mins
29,110.176,6.905,12.24177778,9,7.093374855,50.31596684,27.509,6.841,40,Extra Capacitor,CY_LVD_THRESHOLD_2_00_V,7 seconds,Office - light ON,10 mins
30,61.993,6.962,12.3986,5,8.032893715,64.52738144,27.546,6.816,40,Extra Capacitor,CY_LVD_THRESHOLD_2_00_V,7 seconds,Office - light ON,10 mins
31,113.719,3.483,6.689352941,17,4.33830913,18.82092611,17.232,3.423,55,Extra Capacitor,CySysLvdDisable,4 seconds,Office - light ON,10 mins
32,114.121,3.479,6.006368421,19,3.144434385,9.887467601,13.819,3.44,55,Extra Capacitor,CySysLvdDisable,4 seconds,Office - light ON,10 mins
33,131.619,3.477,6.58095,20,4.503313008,20.27982805,20.777,3.445,55,Extra Capacitor,CySysLvdDisable,4 seconds,Office - light ON,10 mins
34,117.798,3.473,4.90825,24,2.218750667,4.922854521,10.412,3.427,55,Extra Capacitor,CySysLvdDisable,4 seconds,Office - light ON,10 mins
35,117.86,3.4875,6.547777778,18,4.754671195,22.60689817,20.819,3.433,55,Extra Capacitor,CySysLvdDisable,4 seconds,Office - light ON,10 mins
36,124.806,3.479,6.568736842,19,4.044555546,16.35842956,17.336,3.435,55,Extra Capacitor,CySysLvdDisable,4 seconds,Office - light ON,10 mins
37,83.249,3.4865,5.946357143,14,3.320979795,11.0289068,13.867,3.461,55,Extra Capacitor,CySysLvdDisable,4 seconds,Office - light ON,10 mins
38,111.999,10.48,18.6665,6,17.50776517,306.5218413,56.118,6.934,41,Extra Capacitor,CY_LVD_THRESHOLD_2_00_V,7 seconds,Office - light OFF,10 mins
39,125.904,10.4905,12.5904,10,6.855502858,46.99791944,27.969,6.968,41,Extra Capacitor,CY_LVD_THRESHOLD_2_00_V,7 seconds,Office - light OFF,10 mins
40,118.913,10.493,11.8913,10,6.290903227,39.57546341,27.97,6.966,41,Extra Capacitor,CY_LVD_THRESHOLD_2_00_V,7 seconds,Office - light OFF,10 mins
41,118.92,7.0395,9.91,12,4.457668729,19.8708105,20.93,6.949,41,Extra Capacitor,CY_LVD_THRESHOLD_2_00_V,7 seconds,Office - light OFF,10 mins
42,111.769,20.929,15.967,7,8.08749949,65.407648,27.892,6.994,41,Extra Capacitor,CY_LVD_THRESHOLD_2_00_V,7 seconds,Office - light OFF,10 mins
43,76.893,6.994,10.98471429,7,5.108597759,26.09777106,20.958,6.928,41,Extra Capacitor,CY_LVD_THRESHOLD_2_00_V,7 seconds,Office - light OFF,10 mins
44,99.003,0.7345,8.25025,12,12.93970798,167.4360425,31.721,0.639,44,Extra Capacitor,CY_LVD_THRESHOLD_2_50_V,1 second,Office - light OFF,10 mins
45,127.415,1.422,14.15722222,9,14.90119199,222.0455226,32.89,0.64,44,Extra Capacitor,CY_LVD_THRESHOLD_2_50_V,1 second,Office - light OFF,10 mins
46,130.076,31.384,18.58228571,7,15.13028372,228.9254853,32.216,0.654,44,Extra Capacitor,CY_LVD_THRESHOLD_2_50_V,1 second,Office - light OFF,10 mins
47,96.049,0.7,13.72128571,7,15.06039674,226.8155499,31.627,0.675,44,Extra Capacitor,CY_LVD_THRESHOLD_2_50_V,1 second,Office - light OFF,10 mins
48,129.501,16.122,16.187625,8,14.97396598,224.2196572,31.495,0.695,44,Extra Capacitor,CY_LVD_THRESHOLD_2_50_V,1 second,Office - light OFF,10 mins
49,128.579,1.719,12.8579,10,14.47262369,209.4568365,32.097,0.655,44,Extra Capacitor,CY_LVD_THRESHOLD_2_50_V,1 second,Office - light OFF,10 mins
50,32.294,1.425,10.76466667,3,13.71124605,187.9982682,30.151,0.718,44,Extra Capacitor,CY_LVD_THRESHOLD_2_50_V,1 second,Office - light OFF,10 mins
51,108.8,1.373,3.885714286,28,5.044919431,25.45121206,16.243,0.672,52,Extra Capacitor,CySysLvdDisable,1 second,Office - light ON,10 mins
52,123.737,2.084,5.379869565,23,5.637330407,31.77949411,16.234,0.678,52,Extra Capacitor,CySysLvdDisable,1 second,Office - light ON,10 mins
53,124.519,1.3945,5.659954545,22,6.19931836,38.43154813,16.954,0.674,52,Extra Capacitor,CySysLvdDisable,1 second,Office - light ON,10 mins
54,111.782,1.0575,4.299307692,26,5.118126699,26.19522091,14.872,0.684,52,Extra Capacitor,CySysLvdDisable,1 second,Office - light ON,10 mins
55,125.263,0.72,4.319413793,29,5.496681874,30.21351162,15.595,0.672,52,Extra Capacitor,CySysLvdDisable,1 second,Office - light ON,10 mins
56,124.524,1.384,4.612,27,5.390591303,29.05847459,13.502,0.689,52,Extra Capacitor,CySysLvdDisable,1 second,Office - light ON,10 mins
57,120.275,1.391,4.811,25,5.449651372,29.69870008,16.25,0.678,52,Extra Capacitor,CySysLvdDisable,1 second,Office - light ON,10 mins
58,79.141,0.705,5.276066667,15,5.999730166,35.99676206,16.252,0.674,52,Extra Capacitor,CySysLvdDisable,1 second,Office - light ON,10 mins
59,113.647,3.478,5.411761905,21,2.728999606,7.447438848,13.777,3.356,46,Extra Capacitor,CY_LVD_THRESHOLD_2_50_V,4 seconds,Office - light ON,10 mins
60,120.554,6.876,7.091411765,17,4.350099242,18.92336342,17.296,3.383,46,Extra Capacitor,CY_LVD_THRESHOLD_2_50_V,4 seconds,Office - light ON,10 mins
61,124.031,6.8725,6.20155,20,3.004218941,9.025331448,13.771,3.381,46,Extra Capacitor,CY_LVD_THRESHOLD_2_50_V,4 seconds,Office - light ON,10 mins
62,120.632,5.1985,7.5395,16,5.069776511,25.70263388,20.706,3.374,46,Extra Capacitor,CY_LVD_THRESHOLD_2_50_V,4 seconds,Office - light ON,10 mins
63,120.6,5.166,6.7,18,3.739605282,13.98464767,13.875,3.357,46,Extra Capacitor,CY_LVD_THRESHOLD_2_50_V,4 seconds,Office - light ON,10 mins
64,117.22,3.5,5.861,20,3.113838467,9.69599,13.847,3.377,46,Extra Capacitor,CY_LVD_THRESHOLD_2_50_V,4 seconds,Office - light ON,10 mins
65,117.159,3.4515,4.881625,24,2.815891523,7.929245068,13.833,3.352,46,Extra Capacitor,CY_LVD_THRESHOLD_2_50_V,4 seconds,Office - light ON,10 mins
66,48.259,6.891,6.032375,8,2.277030903,5.184869734,10.323,3.431,46,Extra Capacitor,CY_LVD_THRESHOLD_2_50_V,4 seconds,Office - light ON,10 mins
67,117.696,3.5095,6.538666667,18,4.902994618,24.03935622,23.632,3.448,47,Extra Capacitor,CY_LVD_THRESHOLD_2_50_V,4 seconds,Office - light OFF,10 mins
68,117.706,6.966,7.356625,16,5.183821887,26.87200936,23.528,3.39,47,Extra Capacitor,CY_LVD_THRESHOLD_2_50_V,4 seconds,Office - light OFF,10 mins
69,120.988,3.548,7.116941176,17,5.71026934,32.60717594,26.903,3.461,47,Extra Capacitor,CY_LVD_THRESHOLD_2_50_V,4 seconds,Office - light OFF,10 mins
70,114.371,6.9635,8.169357143,14,6.123374299,37.4957128,27.254,3.401,47,Extra Capacitor,CY_LVD_THRESHOLD_2_50_V,4 seconds,Office - light OFF,10 mins
71,121.426,3.488,6.390842105,19,7.643230464,58.41897192,37.723,3.426,47,Extra Capacitor,CY_LVD_THRESHOLD_2_50_V,4 seconds,Office - light OFF,10 mins
72,110.916,6.9935,9.243,12,6.432756822,41.38036033,23.733,3.493,47,Extra Capacitor,CY_LVD_THRESHOLD_2_50_V,4 seconds,Office - light OFF,10 mins
73,116.23,1.4045,11.623,10,12.95583871,167.8537566,28.622,0.7,53,Extra Capacitor,CySysLvdDisable,1 second,Office - light OFF,10 mins
74,114.817,1.7515,11.4817,10,12.64529568,159.9035028,28.002,0.699,53,Extra Capacitor,CySysLvdDisable,1 second,Office - light OFF,10 mins
75,115.046,1.408,12.78288889,9,13.20030592,174.2480763,28.075,0.705,53,Extra Capacitor,CySysLvdDisable,1 second,Office - light OFF,10 mins
76,114.715,0.712,12.74611111,9,13.4797228,181.7029268,28.934,0.69,53,Extra Capacitor,CySysLvdDisable,1 second,Office - light OFF,10 mins
77,116.332,1.386,10.57563636,11,12.80738648,164.0291484,28.244,0.679,53,Extra Capacitor,CySysLvdDisable,1 second,Office - light OFF,10 mins
78,57.549,14.0365,14.38725,4,13.36808753,178.7057642,28.799,0.677,53,Extra Capacitor,CySysLvdDisable,1 second,Office - light OFF,10 mins
79,80.385,0.721,3.2154,25,4.417031175,19.5101644,13.219,0.65,34,Extra Capacitor,CY_LVD_THRESHOLD_2_00_V,1 second,Office - light ON,10 mins
80,116.351,6.851,7.756733333,15,2.324099065,5.401436462,13.687,6.823,23,,CySysLvdDisable,7 seconds,Office - light ON,10 mins
81,116.658,6.865,8.332714286,14,2.814639851,7.92219749,13.728,6.857,23,,CySysLvdDisable,7 seconds,Office - light ON,10 mins
82,123.664,6.871,8.244266667,15,2.747034655,7.546199396,13.745,6.867,23,,CySysLvdDisable,7 seconds,Office - light ON,10 mins
83,116.863,6.875,8.989461538,13,3.173192535,10.06915086,13.751,6.872,23,,CySysLvdDisable,7 seconds,Office - light ON,10 mins
84,123.772,6.876,7.73575,16,2.275063337,5.175913188,13.756,6.872,23,,CySysLvdDisable,7 seconds,Office - light ON,10 mins
85,20.633,6.878,6.877666667,3,0.000471405,2.22E-07,6.878,6.877,23,,CySysLvdDisable,7 seconds,Office - light ON,10 mins
86,106.705,5.2315,7.621785714,14,4.842543416,23.45022674,17.15,3.475,22,,CySysLvdDisable,4 seconds,Office - light OFF,10 mins
87,124.16,3.4955,5.643636364,22,3.612553901,13.05054569,13.721,3.488,22,,CySysLvdDisable,4 seconds,Office - light OFF,10 mins
88,124.261,6.997,7.309470588,17,4.176685656,17.44470307,13.71,3.499,22,,CySysLvdDisable,4 seconds,Office - light OFF,10 mins
89,124.202,3.506,5.645545455,22,3.292812762,10.84261588,13.692,3.498,22,,CySysLvdDisable,4 seconds,Office - light OFF,10 mins
90,117.315,3.508,6.900882353,17,4.814488304,23.17929763,17.232,3.502,22,,CySysLvdDisable,4 seconds,Office - light OFF,10 mins
91,120.918,7.012,7.112823529,17,3.940011395,15.52368979,13.726,3.503,22,,CySysLvdDisable,4 seconds,Office - light OFF,10 mins
92,107.147,3.513,6.6966875,16,3.885169458,15.09454171,13.712,3.504,22,,CySysLvdDisable,4 seconds,Office - light OFF,10 mins
93,127.762,3.5085,7.097888889,18,5.393361391,29.0883471,17.205,3.504,22,,CySysLvdDisable,4 seconds,Office - light OFF,10 mins
94,124.315,3.512,6.906388889,18,4.959033319,24.59201146,20.721,3.505,22,,CySysLvdDisable,4 seconds,Office - light OFF,10 mins
95,120.938,3.5115,6.0469,20,4.144341925,17.17556999,17.229,3.502,22,,CySysLvdDisable,4 seconds,Office - light OFF,10 mins
96,120.915,3.51,5.757857143,21,3.343754523,11.18069431,13.71,3.505,22,,CySysLvdDisable,4 seconds,Office - light OFF,10 mins
97,114.081,3.509,6.004263158,19,4.388706533,19.26074504,17.197,3.503,22,,CySysLvdDisable,4 seconds,Office - light OFF,10 mins
98,41.398,3.51,5.914,7,2.944907226,8.672478571,10.182,3.505,22,,CySysLvdDisable,4 seconds,Office - light OFF,10 mins
99,105.398,0.719,6.587375,16,8.46890809,71.72240423,19.892,0.679,35,Extra Capacitor,CY_LVD_THRESHOLD_2_00_V,1 second,Office - light OFF,10 mins
100,124.465,0.721,7.321470588,17,10.79918696,116.622439,38.503,0.682,35,Extra Capacitor,CY_LVD_THRESHOLD_2_00_V,1 second,Office - light OFF,10 mins
101,122.742,1.3955,7.671375,16,8.572176539,73.48221061,19.192,0.676,35,Extra Capacitor,CY_LVD_THRESHOLD_2_00_V,1 second,Office - light OFF,10 mins
102,118.927,6.61,8.494785714,14,3.888194847,15.11805917,19.809,6.598,1,,CY_LVD_THRESHOLD_1_75_V,1 second,Office - light ON,10 mins
103,112.429,6.613,7.495266667,15,2.248566283,5.056050329,13.229,6.608,1,,CY_LVD_THRESHOLD_1_75_V,1 second,Office - light ON,10 mins
104,125.698,6.618,8.379866667,15,2.924291159,8.551478782,13.237,6.61,1,,CY_LVD_THRESHOLD_1_75_V,1 second,Office - light ON,10 mins
105,119.087,6.617,7.939133333,15,2.646267254,7.002730382,13.232,6.612,1,,CY_LVD_THRESHOLD_1_75_V,1 second,Office - light ON,10 mins
106,119.087,6.616,7.005117647,17,1.556979424,2.424184927,13.233,6.605,1,,CY_LVD_THRESHOLD_1_75_V,1 second,Office - light ON,10 mins
107,119.154,6.62,7.9436,15,2.646537658,7.004161573,13.24,6.613,1,,CY_LVD_THRESHOLD_1_75_V,1 second,Office - light ON,10 mins
108,119.345,6.633,8.524642857,14,2.993956546,8.963775801,13.262,6.625,1,,CY_LVD_THRESHOLD_1_75_V,1 second,Office - light ON,10 mins
109,26.487,6.621,6.62175,4,0.005402546,2.92E-05,6.63,6.615,1,,CY_LVD_THRESHOLD_1_75_V,1 second,Office - light ON,10 mins
110,117.376,3.452,3.912533333,30,1.473725522,2.171866916,10.36,3.449,3,,CY_LVD_THRESHOLD_1_75_V,4 seconds,Office - light ON,10 mins
111,120.812,3.452,3.775375,32,1.006168467,1.012374984,6.905,3.445,3,,CY_LVD_THRESHOLD_1_75_V,4 seconds,Office - light ON,10 mins
112,120.828,3.4515,4.315285714,28,2.376002568,5.645388204,13.812,3.444,3,,CY_LVD_THRESHOLD_1_75_V,4 seconds,Office - light ON,10 mins
113,120.82,3.453,4.166206897,29,1.66598643,2.775510785,10.351,3.446,3,,CY_LVD_THRESHOLD_1_75_V,4 seconds,Office - light ON,10 mins
114,117.372,3.454,4.047310345,29,1.303716838,1.699677593,6.906,3.444,3,,CY_LVD_THRESHOLD_1_75_V,4 seconds,Office - light ON,10 mins
115,120.815,3.452,4.166034483,29,1.666844417,2.778370309,10.359,3.446,3,,CY_LVD_THRESHOLD_1_75_V,4 seconds,Office - light ON,10 mins
116,120.807,3.4525,3.77521875,32,1.32463433,1.754656108,10.351,3.447,3,,CY_LVD_THRESHOLD_1_75_V,4 seconds,Office - light ON,10 mins
117,120.783,3.451,3.77446875,32,1.325956588,1.758160874,10.359,3.446,3,,CY_LVD_THRESHOLD_1_75_V,4 seconds,Office - light ON,10 mins
118,41.414,3.455,5.916285714,7,3.555433657,12.64110849,13.807,3.447,3,,CY_LVD_THRESHOLD_1_75_V,4 seconds,Office - light ON,10 mins
119,113.062,6.855,7.537466667,15,5.031661394,25.31761638,23.957,3.371,37,Extra Capacitor,CY_LVD_THRESHOLD_2_00_V,4 seconds,Office - light ON,10 mins
120,123.652,3.439,5.888190476,21,4.641316189,21.54181596,20.626,3.399,37,Extra Capacitor,CY_LVD_THRESHOLD_2_00_V,4 seconds,Office - light ON,10 mins
121,120.342,3.4885,5.470090909,22,3.204159142,10.26663581,17.145,3.411,37,Extra Capacitor,CY_LVD_THRESHOLD_2_00_V,4 seconds,Office - light ON,10 mins
122,120.431,3.468,6.02155,20,3.591286837,12.89734115,17.19,3.391,37,Extra Capacitor,CY_LVD_THRESHOLD_2_00_V,4 seconds,Office - light ON,10 mins
123,117.077,5.171,5.85385,20,2.902006897,8.421644028,13.787,3.36,37,Extra Capacitor,CY_LVD_THRESHOLD_2_00_V,4 seconds,Office - light ON,10 mins
124,92.948,6.845,6.196533333,15,2.869852769,8.236054916,10.352,3.426,37,Extra Capacitor,CY_LVD_THRESHOLD_2_00_V,4 seconds,Office - light ON,10 mins
125,145.385,27.254,29.077,5,8.903796202,79.2775868,45.441,18.186,20,,CySysLvdDisable,1 second,Office - light OFF,10 mins
126,118.827,27.128,23.7654,5,4.46831613,19.96584904,27.583,18.223,20,,CySysLvdDisable,1 second,Office - light OFF,10 mins
127,127.058,27.198,25.4116,5,3.607855463,13.01662104,27.241,18.196,20,,CySysLvdDisable,1 second,Office - light OFF,10 mins
128,99.722,27.1905,24.9305,4,3.917611294,15.34767825,27.196,18.145,20,,CySysLvdDisable,1 second,Office - light OFF,10 mins
129,46.027,23.0135,23.0135,2,4.5475,20.67975625,27.561,18.466,20,,CySysLvdDisable,1 second,Office - light OFF,10 mins
130,113.635,3.444,3.787833333,30,1.031840236,1.064694272,6.888,3.437,21,,CySysLvdDisable,4 seconds,Office - light ON,10 mins
131,99.756,3.44,3.99024,25,1.262179552,1.593097222,6.884,3.432,21,,CySysLvdDisable,4 seconds,Office - light ON,10 mins
132,119.755,7.985,11.9755,10,9.615468156,92.45722785,39.922,7.967,2,,CY_LVD_THRESHOLD_1_75_V,1 second,Office - light OFF,10 mins
133,95.687,7.976,8.698818182,11,2.286097422,5.226241421,15.928,7.96,2,,CY_LVD_THRESHOLD_1_75_V,1 second,Office - light OFF,10 mins
134,103.597,7.974,17.26616667,6,14.849803,220.5166491,47.817,7.962,2,,CY_LVD_THRESHOLD_1_75_V,1 second,Office - light OFF,10 mins
135,158.96,7.948,14.45090909,11,13.90188155,193.2623106,47.662,7.935,2,,CY_LVD_THRESHOLD_1_75_V,1 second,Office - light OFF,10 mins
136,119.551,7.976,13.28344444,9,12.46544763,155.3873847,47.837,7.957,2,,CY_LVD_THRESHOLD_1_75_V,1 second,Office - light OFF,10 mins
137,119.652,7.987,13.29466667,9,12.46052038,155.2645682,47.83,7.966,2,,CY_LVD_THRESHOLD_1_75_V,1 second,Office - light OFF,10 mins
138,119.566,7.033,7.971066667,15,2.394553917,5.733888462,14.078,7.027,6,,CY_LVD_THRESHOLD_1_75_V,7 seconds,Office - light OFF,10 mins
139,119.737,7.044,8.552642857,14,3.928054091,15.42960894,21.122,7.039,6,,CY_LVD_THRESHOLD_1_75_V,7 seconds,Office - light OFF,10 mins
140,119.823,7.0495,8.558785714,14,2.892241029,8.365058168,14.099,7.042,6,,CY_LVD_THRESHOLD_1_75_V,7 seconds,Office - light OFF,10 mins
141,119.872,7.052,8.562285714,14,3.933696779,15.47397035,21.154,7.044,6,,CY_LVD_THRESHOLD_1_75_V,7 seconds,Office - light OFF,10 mins
142,119.892,7.053,7.49325,16,1.70740547,2.915233438,14.106,7.049,6,,CY_LVD_THRESHOLD_1_75_V,7 seconds,Office - light OFF,10 mins
143,119.91,7.0535,7.494375,16,1.707372978,2.915122484,14.107,7.051,6,,CY_LVD_THRESHOLD_1_75_V,7 seconds,Office - light OFF,10 mins
144,119.913,7.054,7.4945625,16,1.70732521,2.914959371,14.107,7.05,6,,CY_LVD_THRESHOLD_1_75_V,7 seconds,Office - light OFF,10 mins
145,119.927,7.054,7.995133333,15,2.398448523,5.752555316,14.111,7.053,6,,CY_LVD_THRESHOLD_1_75_V,7 seconds,Office - light OFF,10 mins
146,119.922,7.055,7.054235294,17,0.020460951,0.000418651,7.113,6.994,6,,CY_LVD_THRESHOLD_1_75_V,7 seconds,Office - light OFF,10 mins
147,119.925,7.0555,8.566071429,14,2.89452662,8.378284352,14.112,7.052,6,,CY_LVD_THRESHOLD_1_75_V,7 seconds,Office - light OFF,10 mins
148,119.906,7.055,9.992166667,12,3.47766933,12.09418397,14.109,7.05,6,,CY_LVD_THRESHOLD_1_75_V,7 seconds,Office - light OFF,10 mins
149,119.91,7.055,9.223846154,13,4.270711936,18.23898044,21.157,7.051,6,,CY_LVD_THRESHOLD_1_75_V,7 seconds,Office - light OFF,10 mins
150,119.887,7.053,7.992466667,15,3.517835241,12.37516478,21.155,7.05,6,,CY_LVD_THRESHOLD_1_75_V,7 seconds,Office - light OFF,10 mins
151,119.897,7.053,8.564071429,14,2.894354121,8.377285781,14.11,7.047,6,,CY_LVD_THRESHOLD_1_75_V,7 seconds,Office - light OFF,10 mins
152,84.627,7.0535,8.4627,10,2.821151079,7.95889341,14.105,7.047,6,,CY_LVD_THRESHOLD_1_75_V,7 seconds,Office - light OFF,10 mins
153,109.457,0.711,3.219323529,34,3.979905118,15.83964475,12.732,0.685,26,Extra Capacitor,CY_LVD_THRESHOLD_1_75_V,1 second,Office - light OFF,10 mins
154,121.171,1.3795,4.327535714,28,6.248029772,39.03787603,26.835,0.673,26,Extra Capacitor,CY_LVD_THRESHOLD_1_75_V,1 second,Office - light OFF,10 mins
155,118.188,0.715,3.030461538,39,4.052761609,16.42487666,12.863,0.654,26,Extra Capacitor,CY_LVD_THRESHOLD_1_75_V,1 second,Office - light OFF,10 mins
156,131.096,1.0495,3.449894737,38,4.354812352,18.96439062,12.877,0.631,26,Extra Capacitor,CY_LVD_THRESHOLD_1_75_V,1 second,Office - light OFF,10 mins
157,119.828,0.714,2.786697674,43,3.954738356,15.63995547,12.203,0.658,26,Extra Capacitor,CY_LVD_THRESHOLD_1_75_V,1 second,Office - light OFF,10 mins
158,4.176,0.711,1.044,4,0.590137272,0.348262,2.066,0.688,26,Extra Capacitor,CY_LVD_THRESHOLD_1_75_V,1 second,Office - light OFF,10 mins
159,111.255,6.962,9.27125,12,4.337848759,18.81693185,20.839,6.912,32,Extra Capacitor,CY_LVD_THRESHOLD_1_75_V,7 seconds,Office-light off,10 mins
160,118.423,13.874,13.15811111,9,6.943968645,48.21870054,27.923,6.935,32,Extra Capacitor,CY_LVD_THRESHOLD_1_75_V,7 seconds,Office-light off,10 mins
161,118.616,13.875,10.78327273,11,3.457662665,11.95543111,13.974,6.962,32,Extra Capacitor,CY_LVD_THRESHOLD_1_75_V,7 seconds,Office-light off,10 mins
162,125.692,13.9755,15.7115,8,8.363344965,69.945539,34.908,6.97,32,Extra Capacitor,CY_LVD_THRESHOLD_1_75_V,7 seconds,Office-light off,10 mins
163,125.703,7.0115,12.5703,10,7.518142923,56.52247301,27.935,6.952,32,Extra Capacitor,CY_LVD_THRESHOLD_1_75_V,7 seconds,Office-light off,10 mins
164,118.766,20.95,16.96657143,7,7.329064369,53.71518453,27.926,6.969,32,Extra Capacitor,CY_LVD_THRESHOLD_1_75_V,7 seconds,Office-light off,10 mins
165,62.913,10.4855,10.4855,6,3.472883996,12.06092325,13.976,6.984,32,Extra Capacitor,CY_LVD_THRESHOLD_1_75_V,7 seconds,Office-light off,10 mins
166,115.079,7.67,8.219928571,14,1.984805729,3.939453781,15.376,7.641,19,,CySysLvdDisable,1 second,Office - light ON,10 mins
167,123.287,7.706,8.806214286,14,2.697825849,7.278264311,15.415,7.695,19,,CySysLvdDisable,1 second,Office - light ON,10 mins
168,115.782,7.719,7.7188,15,0.009188398,8.44E-05,7.746,7.709,19,,CySysLvdDisable,1 second,Office - light ON,10 mins
169,123.544,7.722,9.503384615,13,4.446140358,19.76816408,23.166,7.712,19,,CySysLvdDisable,1 second,Office - light ON,10 mins
170,115.976,7.735,8.921230769,13,2.785374941,7.758313562,15.458,7.722,19,,CySysLvdDisable,1 second,Office - light ON,10 mins
171,123.98,7.75,9.536923077,13,4.463429648,19.92220422,23.257,7.733,19,,CySysLvdDisable,1 second,Office - light ON,10 mins
172,116.245,7.749,8.941923077,13,2.79680162,7.822099302,15.503,7.744,19,,CySysLvdDisable,1 second,Office - light ON,10 mins
173,124.02,7.753,8.268,15,1.932034955,3.732759067,15.497,7.746,19,,CySysLvdDisable,1 second,Office - light ON,10 mins
174,85.354,7.762,8.5354,10,2.325535044,5.40811324,15.512,7.756,19,,CySysLvdDisable,1 second,Office - light ON,10 mins
175,118.906,6.997,9.146615385,13,4.234889492,17.93428901,20.98,6.988,24,,CySysLvdDisable,7 seconds,Office - light OFF,10 mins
176,118.978,6.9995,7.436125,16,1.694272664,2.870559859,13.998,6.992,24,,CySysLvdDisable,7 seconds,Office - light OFF,10 mins
177,119.049,7.004,7.9366,15,2.380813357,5.66827224,14.008,6.997,24,,CySysLvdDisable,7 seconds,Office - light OFF,10 mins
178,119.086,7.005,7.442875,16,1.694851206,2.872520609,14.007,7.002,24,,CySysLvdDisable,7 seconds,Office - light OFF,10 mins
179,112.087,7.006,8.622076923,13,4.033209153,16.26677607,21.018,7.001,24,,CySysLvdDisable,7 seconds,Office - light OFF,10 mins
180,126.131,7.008,7.8831875,16,2.317040764,5.368677902,14.014,7.005,24,,CySysLvdDisable,7 seconds,Office - light OFF,10 mins
181,119.127,7.007,7.9418,15,2.382694167,5.677231493,14.02,7.005,24,,CySysLvdDisable,7 seconds,Office - light OFF,10 mins
182,126.141,7.0085,7.8838125,16,3.392265913,11.50746803,21.022,7.003,24,,CySysLvdDisable,7 seconds,Office - light OFF,10 mins
183,119.13,7.007,7.942,15,2.382419331,5.675921867,14.016,7.005,24,,CySysLvdDisable,7 seconds,Office - light OFF,10 mins
184,35.039,7.007,7.0078,5,0.002315167,5.36E-06,7.011,7.005,24,,CySysLvdDisable,7 seconds,Office - light OFF,10 mins
185,118.879,6.995,7.4299375,16,1.692001716,2.862869809,13.983,6.983,18,,CY_LVD_THRESHOLD_2_50_V,7 seconds,Office - light OFF,10 mins
186,119.068,7.003,7.937866667,15,2.382474648,5.676185449,14.015,6.998,18,,CY_LVD_THRESHOLD_2_50_V,7 seconds,Office - light OFF,10 mins
187,112.15,7.0105,8.010714286,14,2.45226101,6.013584061,14.019,7.005,18,,CY_LVD_THRESHOLD_2_50_V,7 seconds,Office - light OFF,10 mins
188,126.237,7.014,8.4158,15,2.805266932,7.86952256,14.027,7.01,18,,CY_LVD_THRESHOLD_2_50_V,7 seconds,Office - light OFF,10 mins
189,119.24,7.014,7.4525,16,1.69830397,2.884236375,14.03,7.011,18,,CY_LVD_THRESHOLD_2_50_V,7 seconds,Office - light OFF,10 mins
190,119.24,7.014,7.949333333,15,2.384446789,5.685586489,14.029,7.009,18,,CY_LVD_THRESHOLD_2_50_V,7 seconds,Office - light OFF,10 mins
191,119.232,7.014,9.171692308,13,3.237705536,10.48273714,14.03,7.01,18,,CY_LVD_THRESHOLD_2_50_V,7 seconds,Office - light OFF,10 mins
192,119.232,7.014,7.9488,15,2.384262743,5.684708827,14.028,7.011,18,,CY_LVD_THRESHOLD_2_50_V,7 seconds,Office - light OFF,10 mins
193,126.249,7.014,8.4166,15,2.805866849,7.872888773,14.03,7.012,18,,CY_LVD_THRESHOLD_2_50_V,7 seconds,Office - light OFF,10 mins
194,105.221,7.016,8.093923077,13,2.530299419,6.402415148,14.029,7.012,18,,CY_LVD_THRESHOLD_2_50_V,7 seconds,Office - light OFF,10 mins
195,110.064,13.758,15.72342857,7,9.527976248,90.78233139,34.398,6.874,33,Extra Capacitor,CY_LVD_THRESHOLD_1_75_V,7 seconds,Office-min Light,10 mins
196,123.906,6.891,10.3255,12,5.953970349,35.44976292,27.525,6.872,33,Extra Capacitor,CY_LVD_THRESHOLD_1_75_V,7 seconds,Office-min Light,10 mins
197,117.08,6.917,13.00888889,9,7.56694818,57.25870477,27.541,6.88,33,Extra Capacitor,CY_LVD_THRESHOLD_1_75_V,7 seconds,Office-min Light,10 mins
198,103.386,13.8095,17.231,6,11.76244863,138.3551977,41.327,6.878,33,Extra Capacitor,CY_LVD_THRESHOLD_1_75_V,7 seconds,Office-min Light,10 mins
199,137.74,17.2325,17.2175,8,5.953519316,35.44439225,27.498,6.891,33,Extra Capacitor,CY_LVD_THRESHOLD_1_75_V,7 seconds,Office-min Light,10 mins
200,82.583,1.037,20.64575,4,34.17815025,1168.145955,79.842,0.667,27,Extra Capacitor,CY_LVD_THRESHOLD_1_75_V,1 second,Office-Min Light,10 mins
201,82.128,0.695,27.376,3,37.73263206,1423.751522,80.738,0.695,27,Extra Capacitor,CY_LVD_THRESHOLD_1_75_V,1 second,Office-Min Light,10 mins
202,116.146,6.434,7.743066667,15,3.526306329,12.43483633,19.348,6.409,7,,CY_LVD_THRESHOLD_2_00_V,1 second,Office - light ON,10 mins
203,122.418,6.445,6.801,18,1.471960711,2.166668333,12.87,6.433,7,,CY_LVD_THRESHOLD_2_00_V,1 second,Office - light ON,10 mins
204,116.013,6.445,6.824294118,17,1.518431535,2.305634325,12.898,6.435,7,,CY_LVD_THRESHOLD_2_00_V,1 second,Office - light ON,10 mins
205,122.534,6.449,7.207882353,17,2.079754592,4.325379163,12.914,6.441,7,,CY_LVD_THRESHOLD_2_00_V,1 second,Office - light ON,10 mins
206,122.719,6.445,8.181266667,15,3.685689994,13.58431073,19.324,6.435,7,,CY_LVD_THRESHOLD_2_00_V,1 second,Office - light ON,10 mins
207,116.155,6.455,7.743666667,15,3.489902036,12.17941622,19.339,6.442,7,,CY_LVD_THRESHOLD_2_00_V,1 second,Office - light ON,10 mins
208,122.662,6.457,7.215411765,17,3.037149129,9.22427483,19.364,6.447,7,,CY_LVD_THRESHOLD_2_00_V,1 second,Office - light ON,10 mins
209,71.036,6.46,7.892888889,9,2.682566203,7.196161432,12.913,6.451,7,,CY_LVD_THRESHOLD_2_00_V,1 second,Office - light ON,10 mins
210,117.19,6.894,6.893529412,17,0.004460515,1.99E-05,6.903,6.883,5,,CY_LVD_THRESHOLD_1_75_V,7 seconds,Office - light ON,10 mins
211,117.253,6.897,9.019461538,13,3.184360934,10.14015456,13.802,6.89,5,,CY_LVD_THRESHOLD_1_75_V,7 seconds,Office - light ON,10 mins
212,124.224,6.901,6.901333333,18,0.003527668,1.24E-05,6.907,6.893,5,,CY_LVD_THRESHOLD_1_75_V,7 seconds,Office - light ON,10 mins
213,117.34,6.902,7.822666667,15,2.346662273,5.506823822,13.808,6.898,5,,CY_LVD_THRESHOLD_1_75_V,7 seconds,Office - light ON,10 mins
214,117.344,6.901,8.381714286,14,3.854277224,14.85545292,20.722,6.897,5,,CY_LVD_THRESHOLD_1_75_V,7 seconds,Office - light ON,10 mins
215,124.259,6.903,6.903277778,18,0.003033252,9.20E-06,6.913,6.899,5,,CY_LVD_THRESHOLD_1_75_V,7 seconds,Office - light ON,10 mins
216,103.172,6.8925,10.3172,10,6.340254408,40.19882596,27.512,6.85,31,Extra Capacitor,CY_LVD_THRESHOLD_1_75_V,7 seconds,Office - light ON,10 mins
217,130.786,6.896,14.53177778,9,11.44321357,130.9471368,41.282,6.857,31,Extra Capacitor,CY_LVD_THRESHOLD_1_75_V,7 seconds,Office - light ON,10 mins
218,110.141,6.892,12.23788889,9,9.053278687,81.96185499,34.436,6.873,31,Extra Capacitor,CY_LVD_THRESHOLD_1_75_V,7 seconds,Office - light ON,10 mins
219,130.871,6.9,10.067,13,5.133912408,26.35705662,20.662,6.866,31,Extra Capacitor,CY_LVD_THRESHOLD_1_75_V,7 seconds,Office - light ON,10 mins
220,117.15,20.6715,19.525,6,7.350166302,54.02494467,27.562,6.892,31,Extra Capacitor,CY_LVD_THRESHOLD_1_75_V,7 seconds,Office - light ON,10 mins
221,119.961,0.703,2.856214286,42,4.007231989,16.05790822,12.122,0.663,25,Extra Capacitor,CY_LVD_THRESHOLD_1_75_V,1 second,Office - light ON,10 mins
222,119.82,1.022,3.744375,32,4.800311987,23.04299517,13.625,0.654,25,Extra Capacitor,CY_LVD_THRESHOLD_1_75_V,1 second,Office - light ON,10 mins
223,118.398,1.372,4.73592,25,5.387344911,29.02348519,14.346,0.658,25,Extra Capacitor,CY_LVD_THRESHOLD_1_75_V,1 second,Office - light ON,10 mins
224,120.808,1.3755,3.77525,32,4.624083544,21.38214863,14.376,0.655,25,Extra Capacitor,CY_LVD_THRESHOLD_1_75_V,1 second,Office - light ON,10 mins
225,110.079,1.377,3.795827586,29,4.566024537,20.84858007,12.397,0.654,25,Extra Capacitor,CY_LVD_THRESHOLD_1_75_V,1 second,Office - light ON,10 mins
226,102.662,3.483,20.5324,5,32.46152472,1053.750587,85.401,3.427,30,Extra Capacitor,CY_LVD_THRESHOLD_1_75_V,4 seconds,Office-Min Light,10 mins
227,88.973,3.438,29.65766667,3,37.08445092,1375.2565,82.103,3.432,30,Extra Capacitor,CY_LVD_THRESHOLD_1_75_V,4 seconds,Office-Min Light,10 mins
228,96.378,6.871,32.126,3,38.15693359,1455.951581,86.052,3.455,30,Extra Capacitor,CY_LVD_THRESHOLD_1_75_V,4 seconds,Office-Min Light,10 mins
229,185.306,6.889,37.0612,5,39.7897058,1583.220688,85.818,3.439,30,Extra Capacitor,CY_LVD_THRESHOLD_1_75_V,4 seconds,Office-Min Light,10 mins
230,89.279,3.491,29.75966667,3,37.17425615,1381.92532,82.332,3.456,30,Extra Capacitor,CY_LVD_THRESHOLD_1_75_V,4 seconds,Office-Min Light,10 mins
231,95.985,47.9925,47.9925,2,41.0785,1687.443162,89.071,6.914,30,Extra Capacitor,CY_LVD_THRESHOLD_1_75_V,4 seconds,Office-Min Light,10 mins
232,92.58,3.453,23.145,4,34.12197997,1164.309517,82.246,3.428,30,Extra Capacitor,CY_LVD_THRESHOLD_1_75_V,4 seconds,Office-Min Light,10 mins
233,111.084,3.5225,6.94275,16,5.29050023,27.98939269,17.39,3.512,4,,CY_LVD_THRESHOLD_1_75_V,4 seconds,Office - light OFF,10 mins
234,121.421,3.533,8.094733333,15,5.990585786,35.88711806,20.83,3.522,4,,CY_LVD_THRESHOLD_1_75_V,4 seconds,Office - light OFF,10 mins
235,125.065,3.532,6.25325,20,4.259523681,18.14354199,13.802,3.524,4,,CY_LVD_THRESHOLD_1_75_V,4 seconds,Office - light OFF,10 mins
236,121.609,3.533,6.08045,20,4.012175825,16.09755485,13.799,3.525,4,,CY_LVD_THRESHOLD_1_75_V,4 seconds,Office - light OFF,10 mins
237,107.846,3.5325,5.991444444,18,3.730911435,13.91970014,13.803,3.529,4,,CY_LVD_THRESHOLD_1_75_V,4 seconds,Office - light OFF,10 mins
238,128.767,3.535,7.574529412,17,5.57230471,31.05057978,20.862,3.529,4,,CY_LVD_THRESHOLD_1_75_V,4 seconds,Office - light OFF,10 mins
239,121.818,3.535,6.411473684,19,4.038258723,16.30753351,13.819,3.526,4,,CY_LVD_THRESHOLD_1_75_V,4 seconds,Office - light OFF,10 mins
240,121.859,5.2995,6.769944444,18,3.684760877,13.57746272,13.844,3.527,4,,CY_LVD_THRESHOLD_1_75_V,4 seconds,Office - light OFF,10 mins
241,108.073,5.2975,6.7545625,16,3.72560329,13.88011987,13.854,3.526,4,,CY_LVD_THRESHOLD_1_75_V,4 seconds,Office - light OFF,10 mins
242,24.426,3.5335,6.1065,4,4.462631315,19.91507825,13.836,3.523,4,,CY_LVD_THRESHOLD_1_75_V,4 seconds,Office - light OFF,10 mins
243,117.162,3.4465,3.9054,30,1.170663049,1.370451973,6.892,3.436,9,,CY_LVD_THRESHOLD_2_00_V,4 seconds,Office - light ON,10 mins
244,120.747,3.451,3.659,33,0.822457146,0.676435758,6.899,3.443,9,,CY_LVD_THRESHOLD_2_00_V,4 seconds,Office - light ON,10 mins
245,120.803,3.452,3.77509375,32,1.326048297,1.758404085,10.358,3.445,9,,CY_LVD_THRESHOLD_2_00_V,4 seconds,Office - light ON,10 mins
246,120.83,3.453,4.166551724,29,1.398929852,1.95700473,6.908,3.449,9,,CY_LVD_THRESHOLD_2_00_V,4 seconds,Office - light ON,10 mins
247,117.397,3.453,3.913233333,30,1.173078874,1.376114046,6.905,3.446,9,,CY_LVD_THRESHOLD_2_00_V,4 seconds,Office - light ON,10 mins
248,120.882,3.455,4.477111111,27,2.267383781,5.14102921,13.821,3.449,9,,CY_LVD_THRESHOLD_2_00_V,4 seconds,Office - light ON,10 mins
249,120.877,3.454,3.899258065,31,1.45278591,2.110586901,10.364,3.447,9,,CY_LVD_THRESHOLD_2_00_V,4 seconds,Office - light ON,10 mins
250,120.879,3.4555,4.317107143,28,2.189320921,4.793126096,13.818,3.445,9,,CY_LVD_THRESHOLD_2_00_V,4 seconds,Office - light ON,10 mins
251,117.434,3.455,3.6698125,32,0.836099405,0.699062215,6.909,3.45,9,,CY_LVD_THRESHOLD_2_00_V,4 seconds,Office - light ON,10 mins
252,113.991,3.455,3.930724138,29,1.190615051,1.4175642,6.914,3.447,9,,CY_LVD_THRESHOLD_2_00_V,4 seconds,Office - light ON,10 mins
253,127.811,3.455,4.260366667,30,1.930345556,3.726233966,10.369,3.448,9,,CY_LVD_THRESHOLD_2_00_V,4 seconds,Office - light ON,10 mins
254,120.888,3.454,3.899612903,31,1.157167222,1.339035979,6.908,3.444,9,,CY_LVD_THRESHOLD_2_00_V,4 seconds,Office - light ON,10 mins
255,96.719,3.454,4.205173913,23,2.87333605,8.256060057,17.271,3.449,9,,CY_LVD_THRESHOLD_2_00_V,4 seconds,Office - light ON,10 mins
256,17.451,3.511,5.817,3,3.278870029,10.75098867,10.454,3.486,29,Extra Capacitor,CY_LVD_THRESHOLD_1_75_V,4 seconds,Office - light OFF,10 mins
257,107.859,6.9505,7.704214286,14,4.398956567,19.35081888,17.406,3.463,29,Extra Capacitor,CY_LVD_THRESHOLD_1_75_V,4 seconds,Office - light OFF,10 mins
258,128.719,3.52,6.774684211,19,4.144891847,17.18012843,13.933,3.428,29,Extra Capacitor,CY_LVD_THRESHOLD_1_75_V,4 seconds,Office - light OFF,10 mins
259,114.836,3.4915,7.17725,16,5.709358868,32.59677869,24.37,3.456,29,Extra Capacitor,CY_LVD_THRESHOLD_1_75_V,4 seconds,Office - light OFF,10 mins
260,111.3,3.484,4.839130435,23,1.98253284,3.930436461,10.443,3.446,29,Extra Capacitor,CY_LVD_THRESHOLD_1_75_V,4 seconds,Office - light OFF,10 mins
261,69.555,6.959,9.936428571,7,7.298967967,53.27493339,24.33,3.471,29,Extra Capacitor,CY_LVD_THRESHOLD_1_75_V,4 seconds,Office - light OFF,10 mins
262,119.954,3.492,5.452454545,22,3.279100219,10.75249825,13.493,3.466,16,,CY_LVD_THRESHOLD_2_50_V,4 seconds,Office - light OFF,10 mins
263,109.931,3.506,4.996863636,22,2.755342369,7.591911572,10.117,3.496,16,,CY_LVD_THRESHOLD_2_50_V,4 seconds,Office - light OFF,10 mins
264,124.045,3.517,6.528684211,19,3.920793301,15.37262011,13.702,3.506,16,,CY_LVD_THRESHOLD_2_50_V,4 seconds,Office - light OFF,10 mins
265,124.633,3.521,6.559631579,19,4.11574066,16.93932118,17.246,3.511,16,,CY_LVD_THRESHOLD_2_50_V,4 seconds,Office - light OFF,10 mins
266,121.306,3.52,6.384526316,19,4.467814376,19.9613653,17.278,3.516,16,,CY_LVD_THRESHOLD_2_50_V,4 seconds,Office - light OFF,10 mins
267,104.201,3.521,6.129470588,17,3.410499465,11.6315066,13.808,3.517,16,,CY_LVD_THRESHOLD_2_50_V,4 seconds,Office - light OFF,10 mins
268,128.616,3.52,6.4308,20,4.375587362,19.14576476,17.32,3.518,16,,CY_LVD_THRESHOLD_2_50_V,4 seconds,Office - light OFF,10 mins
269,121.614,3.5205,6.0807,20,4.178938024,17.46352301,17.328,3.519,16,,CY_LVD_THRESHOLD_2_50_V,4 seconds,Office - light OFF,10 mins
270,41.716,5.28,6.952666667,6,3.951811933,15.61681756,13.814,3.518,16,,CY_LVD_THRESHOLD_2_50_V,4 seconds,Office - light OFF,10 mins
271,109.69,6.856,9.140833333,12,3.240463517,10.50060381,13.753,6.838,17,,CY_LVD_THRESHOLD_2_50_V,7 seconds,Office - light ON,10 mins
272,122.96,6.8355,8.782857143,14,3.087274153,9.531261694,13.68,6.823,17,,CY_LVD_THRESHOLD_2_50_V,7 seconds,Office - light ON,10 mins
273,122.793,6.822,8.770928571,14,4.01800223,16.14434192,20.462,6.817,17,,CY_LVD_THRESHOLD_2_50_V,7 seconds,Office - light ON,10 mins
274,109.121,6.82,7.794357143,14,2.386065908,5.693310515,13.639,6.818,17,,CY_LVD_THRESHOLD_2_50_V,7 seconds,Office - light ON,10 mins
275,113.58,6.872,7.572,15,5.502300392,30.2753096,20.651,3.439,28,Extra Capacitor,CY_LVD_THRESHOLD_1_75_V,4 seconds,Office - light ON,10 mins
276,120.467,3.46,5.237695652,23,2.458689991,6.045156473,10.334,3.419,28,Extra Capacitor,CY_LVD_THRESHOLD_1_75_V,4 seconds,Office - light ON,10 mins
277,123.916,5.162,6.1958,20,3.380036089,11.42464396,13.81,3.409,28,Extra Capacitor,CY_LVD_THRESHOLD_1_75_V,4 seconds,Office - light ON,10 mins
278,120.462,6.879,8.0308,15,4.815893592,23.19283109,17.252,3.416,28,Extra Capacitor,CY_LVD_THRESHOLD_1_75_V,4 seconds,Office - light ON,10 mins
279,117.07,3.4515,5.8535,20,3.466497346,12.01660385,13.795,3.416,28,Extra Capacitor,CY_LVD_THRESHOLD_1_75_V,4 seconds,Office - light ON,10 mins
280,118.944,7.917,13.216,9,12.32204597,151.8328169,47.375,7.888,8,,CY_LVD_THRESHOLD_2_00_V,1 second,Office - light OFF,10 mins
281,119.267,15.933,23.8534,5,24.0413677,577.987361,71.403,7.945,8,,CY_LVD_THRESHOLD_2_00_V,1 second,Office - light OFF,10 mins
282,119.922,7.908,11.9922,10,7.491084498,56.11634696,32.31,7.884,8,,CY_LVD_THRESHOLD_2_00_V,1 second,Office - light OFF,10 mins
283,118.695,7.909,13.18833333,9,14.90288384,222.0959467,55.34,7.905,8,,CY_LVD_THRESHOLD_2_00_V,1 second,Office - light OFF,10 mins
284,95.89,8.027,13.69857143,7,11.0084874,121.1867948,39.81,8,8,,CY_LVD_THRESHOLD_2_00_V,1 second,Office - light OFF,10 mins
285,117.644,3.462,4.357185185,27,1.515851748,2.297806521,6.924,3.446,15,,CY_LVD_THRESHOLD_2_50_V,4 seconds,Office - light ON,10 mins
286,117.551,3.458,3.918366667,30,1.476433552,2.179856032,10.376,3.452,15,,CY_LVD_THRESHOLD_2_50_V,4 seconds,Office - light ON,10 mins
287,120.984,3.46,4.83936,25,1.954049066,3.81830775,10.364,3.455,15,,CY_LVD_THRESHOLD_2_50_V,4 seconds,Office - light ON,10 mins
288,120.857,3.454,4.648346154,26,1.901960263,3.617452842,10.358,3.449,15,,CY_LVD_THRESHOLD_2_50_V,4 seconds,Office - light ON,10 mins
289,120.546,3.444,3.7670625,32,1.004664743,1.009351246,6.896,3.431,15,,CY_LVD_THRESHOLD_2_50_V,4 seconds,Office - light ON,10 mins
290,120.237,3.4365,4.294178571,28,1.973582114,3.895026361,10.305,3.429,15,,CY_LVD_THRESHOLD_2_50_V,4 seconds,Office - light ON,10 mins
291,120.001,3.43,4.444481481,27,1.822527008,3.321604694,10.285,3.423,15,,CY_LVD_THRESHOLD_2_50_V,4 seconds,Office - light ON,10 mins
292,116.381,3.423,4.013137931,29,1.575315332,2.481618395,10.273,3.419,15,,CY_LVD_THRESHOLD_2_50_V,4 seconds,Office - light ON,10 mins
293,123.093,3.422,5.861571429,21,3.361445573,11.29931634,13.684,3.416,15,,CY_LVD_THRESHOLD_2_50_V,4 seconds,Office - light ON,10 mins
294,119.536,3.416,4.121931034,29,2.080187358,4.327179444,13.66,3.411,15,,CY_LVD_THRESHOLD_2_50_V,4 seconds,Office - light ON,10 mins
295,122.86,3.413,3.723030303,33,0.981562869,0.963465666,6.828,3.409,15,,CY_LVD_THRESHOLD_2_50_V,4 seconds,Office - light ON,10 mins
296,57.978,3.411,4.459846154,13,2.065735661,4.267263822,10.231,3.409,15,,CY_LVD_THRESHOLD_2_50_V,4 seconds,Office - light ON,10 mins
297,72.958,8.04,10.42257143,7,5.782906013,33.44200196,24.587,8.023,14,,CY_LVD_THRESHOLD_2_50_V,1 second,Office - light OFF,10 mins
298,160.181,8.01,16.0181,10,16.42339356,269.7278559,56.13,7.993,14,,CY_LVD_THRESHOLD_2_50_V,1 second,Office - light OFF,10 mins
299,120.062,8.0085,12.0062,10,11.99760284,143.942474,47.999,7.992,14,,CY_LVD_THRESHOLD_2_50_V,1 second,Office - light OFF,10 mins
300,119.928,8.004,13.32533333,9,9.998627361,99.97254911,40.067,7.977,14,,CY_LVD_THRESHOLD_2_50_V,1 second,Office - light OFF,10 mins
301,103.69,11.9785,17.28166667,6,14.1135865,199.1933239,47.811,7.963,14,,CY_LVD_THRESHOLD_2_50_V,1 second,Office - light OFF,10 mins
302,119.471,3.5225,6.637277778,18,4.636923199,21.50105676,17.43,3.513,10,,CY_LVD_THRESHOLD_2_00_V,4 seconds,Office - light OFF,10 mins
303,117.92,3.524,6.206315789,19,4.073400378,16.59259064,13.792,3.518,10,,CY_LVD_THRESHOLD_2_00_V,4 seconds,Office - light OFF,10 mins
304,104.295,3.523,6.135,17,3.618461942,13.09326682,13.783,3.521,10,,CY_LVD_THRESHOLD_2_00_V,4 seconds,Office - light OFF,10 mins
305,116.939,6.892,12.99322222,9,8.83454814,78.04924084,34.351,6.878,11,,CY_LVD_THRESHOLD_2_00_V,7 seconds,Office - light ON,10 mins
306,117.222,6.896,10.65654545,11,9.912270581,98.25310807,41.376,6.887,11,,CY_LVD_THRESHOLD_2_00_V,7 seconds,Office - light ON,10 mins
307,117.345,6.904,7.3340625,16,1.669757784,2.788091059,13.801,6.897,11,,CY_LVD_THRESHOLD_2_00_V,7 seconds,Office - light ON,10 mins
308,117.404,6.9065,8.386,14,2.833288675,8.027524714,13.815,6.904,11,,CY_LVD_THRESHOLD_2_00_V,7 seconds,Office - light ON,10 mins
309,124.324,6.908,11.30218182,11,8.470236004,71.74489797,34.533,6.905,11,,CY_LVD_THRESHOLD_2_00_V,7 seconds,Office - light ON,10 mins
310,13.815,6.9075,6.9075,2,0.0015,2.25E-06,6.909,6.906,11,,CY_LVD_THRESHOLD_2_00_V,7 seconds,Office - light ON,10 mins
311,117.033,3.519,10.63936364,11,10.304165,106.1758164,34.123,3.465,38,Extra Capacitor,CY_LVD_THRESHOLD_2_00_V,4 seconds,Office - light OFF,10 mins
312,96.789,3.5125,8.06575,12,7.649300394,58.51179652,30.606,3.419,38,Extra Capacitor,CY_LVD_THRESHOLD_2_00_V,4 seconds,Office - light OFF,10 mins
313,144.881,3.5045,10.34864286,14,9.732085143,94.71348123,30.683,3.466,38,Extra Capacitor,CY_LVD_THRESHOLD_2_00_V,4 seconds,Office - light OFF,10 mins
314,117.116,3.515,7.807733333,15,9.171932959,84.1243542,34.188,3.419,38,Extra Capacitor,CY_LVD_THRESHOLD_2_00_V,4 seconds,Office - light OFF,10 mins
315,103.38,5.216,8.615,12,7.744928685,59.98392033,30.292,3.405,38,Extra Capacitor,CY_LVD_THRESHOLD_2_00_V,4 seconds,Office - light OFF,10 mins
316,117.141,6.505,6.890647059,17,1.531893367,2.346697287,13.018,6.493,13,,CY_LVD_THRESHOLD_2_50_V,1 second,Office - light ON,10 mins
317,117.159,6.513,7.8106,15,2.601552762,6.768076773,13.036,6.498,13,,CY_LVD_THRESHOLD_2_50_V,1 second,Office - light ON,10 mins
318,123.715,6.511,6.873055556,18,1.491342031,2.224101052,13.022,6.505,13,,CY_LVD_THRESHOLD_2_50_V,1 second,Office - light ON,10 mins
319,117.169,6.509,6.892294118,17,1.531183117,2.344521737,13.017,6.502,13,,CY_LVD_THRESHOLD_2_50_V,1 second,Office - light ON,10 mins
320,117.133,6.5095,8.366642857,14,2.937984066,8.631750372,13.017,6.505,13,,CY_LVD_THRESHOLD_2_50_V,1 second,Office - light ON,10 mins
321,97.659,6.508,8.878090909,11,4.187026879,17.53119408,19.519,6.501,13,,CY_LVD_THRESHOLD_2_50_V,1 second,Office - light ON,10 mins
322,119.442,7.029,8.531571429,14,2.882781958,8.310431816,14.061,7.013,12,,CY_LVD_THRESHOLD_2_00_V,7 seconds,Office - light OFF,10 mins
323,119.568,7.035,7.9712,15,2.388421214,5.704555893,14.062,7.031,12,,CY_LVD_THRESHOLD_2_00_V,7 seconds,Office - light OFF,10 mins
324,119.628,7.038,7.47675,16,1.70237171,2.898069438,14.07,7.032,12,,CY_LVD_THRESHOLD_2_00_V,7 seconds,Office - light OFF,10 mins
325,119.658,7.039,7.9772,15,2.391755595,5.720494827,14.077,7.035,12,,CY_LVD_THRESHOLD_2_00_V,7 seconds,Office - light OFF,10 mins
326,105.602,7.04,8.123230769,13,2.540615496,6.454727101,14.084,7.036,12,,CY_LVD_THRESHOLD_2_00_V,7 seconds,Office - light OFF,10 mins
327,93.703,6.899,8.518454545,11,6.638635982,44.0714877,28.208,3.439,39,Extra Capacitor,CY_LVD_THRESHOLD_2_00_V,4 second,Office - Min light,10 mins
328,119.609,6.8895,9.967416667,12,9.180800087,84.28709024,28.848,3.421,39,Extra Capacitor,CY_LVD_THRESHOLD_2_00_V,4 second,Office - Min light,10 mins
329,130.906,8.64,16.36325,8,17.33160789,300.3846322,53.575,3.424,39,Extra Capacitor,CY_LVD_THRESHOLD_2_00_V,4 second,Office - Min light,10 mins
330,117.614,3.496,9.047230769,13,9.685002189,93.79926741,32.759,3.437,39,Extra Capacitor,CY_LVD_THRESHOLD_2_00_V,4 second,Office - Min light,10 mins
331,104.559,6.889,11.61766667,9,12.63018282,159.521518,36.665,3.431,39,Extra Capacitor,CY_LVD_THRESHOLD_2_00_V,4 second,Office - Min light,10 mins
332,68.046,6.9015,17.0115,4,19.54793558,382.1217852,50.782,3.461,39,Extra Capacitor,CY_LVD_THRESHOLD_2_00_V,4 second,Office - Min light,10 mins
333,117.045,6.895,10.64045455,11,6.138970174,37.68695479,27.542,6.83,49,Extra Capacitor,CY_LVD_THRESHOLD_2_50_V,7 seconds,Office - light ON,10 mins
334,103.35,6.902,11.48333333,9,8.602738763,74.00711422,34.465,6.826,49,Extra Capacitor,CY_LVD_THRESHOLD_2_50_V,7 seconds,Office - light ON,10 mins
335,137.874,13.78,12.534,11,5.740251562,32.950488,20.679,6.861,49,Extra Capacitor,CY_LVD_THRESHOLD_2_50_V,7 seconds,Office - light ON,10 mins
336,110.319,6.918,11.0319,10,6.314689057,39.87529789,27.544,6.857,49,Extra Capacitor,CY_LVD_THRESHOLD_2_50_V,7 seconds,Office - light ON,10 mins
337,124.135,6.9215,10.34458333,12,4.457815711,19.87212091,20.673,6.831,49,Extra Capacitor,CY_LVD_THRESHOLD_2_50_V,7 seconds,Office - light ON,10 mins
338,124.065,6.927,10.33875,12,4.459487977,19.88703302,20.719,6.853,49,Extra Capacitor,CY_LVD_THRESHOLD_2_50_V,7 seconds,Office - light ON,10 mins
339,117.251,13.712,13.02788889,9,6.837221925,46.74760365,27.533,6.891,49,Extra Capacitor,CY_LVD_THRESHOLD_2_50_V,7 seconds,Office - light ON,10 mins
340,117.165,13.782,13.01833333,9,6.037835006,36.45545156,20.689,6.805,49,Extra Capacitor,CY_LVD_THRESHOLD_2_50_V,7 seconds,Office - light ON,10 mins
341,124.138,13.853,15.51725,8,4.556134292,20.75835969,20.73,6.912,49,Extra Capacitor,CY_LVD_THRESHOLD_2_50_V,7 seconds,Office - light ON,10 mins
342,124.138,6.909,10.34483333,12,4.462094442,19.91028681,20.701,6.861,49,Extra Capacitor,CY_LVD_THRESHOLD_2_50_V,7 seconds,Office - light ON,10 mins
343,117.281,13.857,14.660125,8,5.377119801,28.91341736,20.709,6.876,49,Extra Capacitor,CY_LVD_THRESHOLD_2_50_V,7 seconds,Office - light ON,10 mins
344,110.352,13.7415,13.794,8,6.9345042,48.0873485,27.691,6.852,49,Extra Capacitor,CY_LVD_THRESHOLD_2_50_V,7 seconds,Office - light ON,10 mins
345,131.056,13.769,13.1056,10,6.506349133,42.33257904,27.591,6.828,49,Extra Capacitor,CY_LVD_THRESHOLD_2_50_V,7 seconds,Office - light ON,10 mins
346,110.404,6.935,11.0404,10,6.317042302,39.90502344,20.703,6.836,49,Extra Capacitor,CY_LVD_THRESHOLD_2_50_V,7 seconds,Office - light ON,10 mins
347,34.496,6.895,8.624,4,3.038183256,9.2305575,13.886,6.82,49,Extra Capacitor,CY_LVD_THRESHOLD_2_50_V,7 seconds,Office - light ON,10 mins
348,110.565,6.917,12.285,9,9.081352812,82.47096889,34.546,6.906,60,Extra Capacitor,CySysLvdDisable,7 second,Office - Min Light,10 mins
349,117.474,20.722,16.782,7,7.25430162,52.624892,27.647,6.908,60,Extra Capacitor,CySysLvdDisable,7 second,Office - Min Light,10 mins
350,117.634,13.839,16.80485714,7,9.683693443,93.77391869,34.592,6.921,58,Extra Capacitor,CySysLvdDisable,7 seconds,Office - light ON,10 mins
351,83.04,6.928,9.226666667,9,4.612013299,21.27066667,20.758,6.897,58,Extra Capacitor,CySysLvdDisable,7 seconds,Office - light ON,10 mins
352,138.37,13.841,23.06166667,6,15.82027786,250.2811916,48.453,6.903,58,Extra Capacitor,CySysLvdDisable,7 seconds,Office - light ON,10 mins
353,124.563,6.921,11.32390909,11,7.96235644,63.39912008,27.696,6.907,58,Extra Capacitor,CySysLvdDisable,7 seconds,Office - light ON,10 mins
354,131.447,17.294,21.90783333,6,15.687067,246.0840711,55.356,6.915,58,Extra Capacitor,CySysLvdDisable,7 seconds,Office - light ON,10 mins
355,27.692,13.846,13.846,2,6.922,47.914084,20.768,6.924,58,Extra Capacitor,CySysLvdDisable,7 seconds,Office - light ON,10 mins
356,119.078,10.499,11.9078,10,5.469934201,29.92018016,21.021,6.996,59,Extra Capacitor,CySysLvdDisable,7 seconds,Office - light OFF,10 mins
357,119.016,13.991,10.81963636,11,3.488329798,12.16844478,14.034,6.977,59,Extra Capacitor,CySysLvdDisable,7 seconds,Office - light OFF,10 mins
358,104.997,14.01,14.99957143,7,6.926248147,47.97291339,27.994,6.996,59,Extra Capacitor,CySysLvdDisable,7 seconds,Office - light OFF,10 mins
359,125.982,13.9985,15.74775,8,9.092066318,82.66566994,35,6.992,59,Extra Capacitor,CySysLvdDisable,7 seconds,Office - light OFF,10 mins
360,111.978,10.4985,11.1978,10,4.639842127,21.52813496,20.987,6.994,59,Extra Capacitor,CySysLvdDisable,7 seconds,Office - light OFF,10 mins
361,132.927,7.019,12.08427273,11,6.733820111,45.34433329,27.977,6.962,59,Extra Capacitor,CySysLvdDisable,7 seconds,Office - light OFF,10 mins
362,28.007,7.008,9.335666667,3,3.303137936,10.91072022,14.007,6.992,59,Extra Capacitor,CySysLvdDisable,7 seconds,Office - light OFF,10 mins